nct_id,Type,Value,Action
NCT00075387,Tag,Musella Foundation,Add
NCT00147056,Tag,Musella Foundation,Add
NCT00267865,Tag,Musella Foundation,Add
NCT00303849,Tag,Musella Foundation,Add
NCT00659126,Tag,Musella Foundation,Add
NCT00840047,Tag,Musella Foundation,Add
NCT00870129,Tag,Musella Foundation,Add
NCT00887146,Tag,Musella Foundation,Add
NCT01089101,Tag,Musella Foundation,Add
NCT01130077,Tag,Musella Foundation,Add
NCT01166321,Tag,Musella Foundation,Add
NCT01174121,Tag,Musella Foundation,Add
NCT01269853,Tag,Musella Foundation,Add
NCT01272622,Tag,Musella Foundation,Add
NCT01295944,Tag,Musella Foundation,Add
NCT01356290,Tag,Musella Foundation,Add
NCT01434602,Tag,Musella Foundation,Add
NCT01464177,Tag,Musella Foundation,Add
NCT01466686,Tag,Musella Foundation,Add
NCT01473485,Tag,Musella Foundation,Add
NCT01502917,Tag,Musella Foundation,Add
NCT01503086,Tag,Musella Foundation,Add
NCT01505569,Tag,Musella Foundation,Add
NCT01534104,Tag,Musella Foundation,Add
NCT01567202,Tag,Musella Foundation,Add
NCT01604512,Tag,Musella Foundation,Add
NCT01649830,Tag,Musella Foundation,Add
NCT01661400,Tag,Musella Foundation,Add
NCT01668082,Tag,Musella Foundation,Add
NCT01672463,Tag,Musella Foundation,Add
NCT01674582,Tag,Musella Foundation,Add
NCT01700569,Tag,Musella Foundation,Add
NCT01724606,Tag,Musella Foundation,Add
NCT01743950,Tag,Musella Foundation,Add
NCT01765088,Tag,Musella Foundation,Add
NCT01794793,Tag,Musella Foundation,Add
NCT01795313,Tag,Musella Foundation,Add
NCT01811498,Tag,Musella Foundation,Add
NCT01813877,Tag,Musella Foundation,Add
NCT01817751,Tag,Musella Foundation,Add
NCT01822275,Tag,Musella Foundation,Add
NCT01837862,Tag,Musella Foundation,Add
NCT01849146,Tag,Musella Foundation,Add
NCT01857453,Tag,Musella Foundation,Add
NCT01878617,Tag,Musella Foundation,Add
NCT01884740,Tag,Musella Foundation,Add
NCT01887522,Tag,Musella Foundation,Add
NCT01894061,Tag,Musella Foundation,Add
NCT01903330,Tag,Musella Foundation,Add
NCT01904123,Tag,Musella Foundation,Add
NCT01905228,Tag,Musella Foundation,Add
NCT01906385,Tag,Musella Foundation,Add
NCT01951469,Tag,Musella Foundation,Add
NCT01951482,Tag,Musella Foundation,Add
NCT01954576,Tag,Musella Foundation,Add
NCT01967823,Tag,Musella Foundation,Add
NCT01985087,Tag,Musella Foundation,Add
NCT02013297,Tag,Musella Foundation,Add
NCT02025881,Tag,Musella Foundation,Add
NCT02062827,Tag,Musella Foundation,Add
NCT02066220,Tag,Musella Foundation,Add
NCT02077543,Tag,Musella Foundation,Add
NCT02094625,Tag,Musella Foundation,Add
NCT02095132,Tag,Musella Foundation,Add
NCT02101905,Tag,Musella Foundation,Add
NCT02125786,Tag,Musella Foundation,Add
NCT02146066,Tag,Musella Foundation,Add
NCT02149459,Tag,Musella Foundation,Add
NCT02153957,Tag,Musella Foundation,Add
NCT02177578,Tag,Musella Foundation,Add
NCT02179086,Tag,Musella Foundation,Add
NCT02191488,Tag,Musella Foundation,Add
NCT02192359,Tag,Musella Foundation,Add
NCT02206230,Tag,Musella Foundation,Add
NCT02208362,Tag,Musella Foundation,Add
NCT02233049,Tag,Musella Foundation,Add
NCT02239952,Tag,Musella Foundation,Add
NCT02265770,Tag,Musella Foundation,Add
NCT02271711,Tag,Musella Foundation,Add
NCT02285439,Tag,Musella Foundation,Add
NCT02285959,Tag,Musella Foundation,Add
NCT02288962,Tag,Musella Foundation,Add
NCT02303678,Tag,Musella Foundation,Add
NCT02304458,Tag,Musella Foundation,Add
NCT02311582,Tag,Musella Foundation,Add
NCT02323880,Tag,Musella Foundation,Add
NCT02330562,Tag,Musella Foundation,Add
NCT02331498,Tag,Musella Foundation,Add
NCT02334722,Tag,Musella Foundation,Add
NCT02343224,Tag,Musella Foundation,Add
NCT02343549,Tag,Musella Foundation,Add
NCT02344355,Tag,Musella Foundation,Add
NCT02358187,Tag,Musella Foundation,Add
NCT02359097,Tag,Musella Foundation,Add
NCT02359565,Tag,Musella Foundation,Add
NCT02372006,Tag,Musella Foundation,Add
NCT02372409,Tag,Musella Foundation,Add
NCT02378532,Tag,Musella Foundation,Add
NCT02379572,Tag,Musella Foundation,Add
NCT02389309,Tag,Musella Foundation,Add
NCT02390518,Tag,Musella Foundation,Add
NCT02394626,Tag,Musella Foundation,Add
NCT02419664,Tag,Musella Foundation,Add
NCT02420613,Tag,Musella Foundation,Add
NCT02423525,Tag,Musella Foundation,Add
NCT02441322,Tag,Musella Foundation,Add
NCT02442297,Tag,Musella Foundation,Add
NCT02444000,Tag,Musella Foundation,Add
NCT02455245,Tag,Musella Foundation,Add
NCT02457845,Tag,Musella Foundation,Add
NCT02460068,Tag,Musella Foundation,Add
NCT02460874,Tag,Musella Foundation,Add
NCT02465060,Tag,Musella Foundation,Add
NCT02465268,Tag,Musella Foundation,Add
NCT02481349,Tag,Musella Foundation,Add
NCT02502708,Tag,Musella Foundation,Add
NCT02504788,Tag,Musella Foundation,Add
NCT02505165,Tag,Musella Foundation,Add
NCT02507232,Tag,Musella Foundation,Add
NCT02508038,Tag,Musella Foundation,Add
NCT02525692,Tag,Musella Foundation,Add
NCT02530320,Tag,Musella Foundation,Add
NCT02537106,Tag,Musella Foundation,Add
NCT02549833,Tag,Musella Foundation,Add
NCT02567539,Tag,Musella Foundation,Add
NCT02568267,Tag,Musella Foundation,Add
NCT02594709,Tag,Musella Foundation,Add
NCT02596828,Tag,Musella Foundation,Add
NCT02613988,Tag,Musella Foundation,Add
NCT02617589,Tag,Musella Foundation,Add
NCT02617745,Tag,Musella Foundation,Add
NCT02626364,Tag,Musella Foundation,Add
NCT02629757,Tag,Musella Foundation,Add
NCT02644291,Tag,Musella Foundation,Add
NCT02644460,Tag,Musella Foundation,Add
NCT02645487,Tag,Musella Foundation,Add
NCT02648997,Tag,Musella Foundation,Add
NCT02649582,Tag,Musella Foundation,Add
NCT02655536,Tag,Musella Foundation,Add
NCT02655601,Tag,Musella Foundation,Add
NCT02658279,Tag,Musella Foundation,Add
NCT02658981,Tag,Musella Foundation,Add
NCT02659800,Tag,Musella Foundation,Add
NCT02661282,Tag,Musella Foundation,Add
NCT02663271,Tag,Musella Foundation,Add
NCT02667587,Tag,Musella Foundation,Add
NCT02669173,Tag,Musella Foundation,Add
NCT02678975,Tag,Musella Foundation,Add
NCT02681549,Tag,Musella Foundation,Add
NCT02684058,Tag,Musella Foundation,Add
NCT02684071,Tag,Musella Foundation,Add
NCT02685605,Tag,Musella Foundation,Add
NCT02691923,Tag,Musella Foundation,Add
NCT02693405,Tag,Musella Foundation,Add
NCT02693990,Tag,Musella Foundation,Add
NCT02698254,Tag,Musella Foundation,Add
NCT02704858,Tag,Musella Foundation,Add
NCT02709226,Tag,Musella Foundation,Add
NCT02715297,Tag,Musella Foundation,Add
NCT02715609,Tag,Musella Foundation,Add
NCT02717455,Tag,Musella Foundation,Add
NCT02717962,Tag,Musella Foundation,Add
NCT02722512,Tag,Musella Foundation,Add
NCT02724579,Tag,Musella Foundation,Add
NCT02726568,Tag,Musella Foundation,Add
NCT02747303,Tag,Musella Foundation,Add
NCT02747407,Tag,Musella Foundation,Add
NCT02748135,Tag,Musella Foundation,Add
NCT02750371,Tag,Musella Foundation,Add
NCT02754544,Tag,Musella Foundation,Add
NCT02758366,Tag,Musella Foundation,Add
NCT02761070,Tag,Musella Foundation,Add
NCT02765165,Tag,Musella Foundation,Add
NCT02766699,Tag,Musella Foundation,Add
NCT02768337,Tag,Musella Foundation,Add
NCT02774421,Tag,Musella Foundation,Add
NCT02780024,Tag,Musella Foundation,Add
NCT02781792,Tag,Musella Foundation,Add
NCT02792582,Tag,Musella Foundation,Add
NCT02796261,Tag,Musella Foundation,Add
NCT02800486,Tag,Musella Foundation,Add
NCT02813044,Tag,Musella Foundation,Add
NCT02824731,Tag,Musella Foundation,Add
NCT02829931,Tag,Musella Foundation,Add
NCT02831959,Tag,Musella Foundation,Add
NCT02840409,Tag,Musella Foundation,Add
NCT02847559,Tag,Musella Foundation,Add
NCT02849743,Tag,Musella Foundation,Add
NCT02854644,Tag,Musella Foundation,Add
NCT02861898,Tag,Musella Foundation,Add
NCT02864368,Tag,Musella Foundation,Add
NCT02869243,Tag,Musella Foundation,Add
NCT02875314,Tag,Musella Foundation,Add
NCT02885272,Tag,Musella Foundation,Add
NCT02885324,Tag,Musella Foundation,Add
NCT02893137,Tag,Musella Foundation,Add
NCT02895360,Tag,Musella Foundation,Add
NCT02902757,Tag,Musella Foundation,Add
NCT02905110,Tag,Musella Foundation,Add
NCT02909777,Tag,Musella Foundation,Add
NCT02910804,Tag,Musella Foundation,Add
NCT02914067,Tag,Musella Foundation,Add
NCT02924038,Tag,Musella Foundation,Add
NCT02941302,Tag,Musella Foundation,Add
NCT02942264,Tag,Musella Foundation,Add
NCT02945826,Tag,Musella Foundation,Add
NCT02956291,Tag,Musella Foundation,Add
NCT02962167,Tag,Musella Foundation,Add
NCT02970448,Tag,Musella Foundation,Add
NCT02977780,Tag,Musella Foundation,Add
NCT02978261,Tag,Musella Foundation,Add
NCT02978404,Tag,Musella Foundation,Add
NCT02986178,Tag,Musella Foundation,Add
NCT02986815,Tag,Musella Foundation,Add
NCT02991456,Tag,Musella Foundation,Add
NCT02992015,Tag,Musella Foundation,Add
NCT03010943,Tag,Musella Foundation,Add
NCT03014687,Tag,Musella Foundation,Add
NCT03016091,Tag,Musella Foundation,Add
NCT03018288,Tag,Musella Foundation,Add
NCT03022578,Tag,Musella Foundation,Add
NCT03025893,Tag,Musella Foundation,Add
NCT03027388,Tag,Musella Foundation,Add
NCT03028246,Tag,Musella Foundation,Add
NCT03032484,Tag,Musella Foundation,Add
NCT03033992,Tag,Musella Foundation,Add
NCT03037385,Tag,Musella Foundation,Add
NCT03043391,Tag,Musella Foundation,Add
NCT03047473,Tag,Musella Foundation,Add
NCT03048084,Tag,Musella Foundation,Add
NCT03050736,Tag,Musella Foundation,Add
NCT03055208,Tag,Musella Foundation,Add
NCT03058198,Tag,Musella Foundation,Add
NCT03058289,Tag,Musella Foundation,Add
NCT03071874,Tag,Musella Foundation,Add
NCT03072134,Tag,Musella Foundation,Add
NCT03075072,Tag,Musella Foundation,Add
NCT03076255,Tag,Musella Foundation,Add
NCT03086616,Tag,Musella Foundation,Add
NCT03091803,Tag,Musella Foundation,Add
NCT03095248,Tag,Musella Foundation,Add
NCT03107780,Tag,Musella Foundation,Add
NCT03111810,Tag,Musella Foundation,Add
NCT03115138,Tag,Musella Foundation,Add
NCT03115333,Tag,Musella Foundation,Add
NCT03115398,Tag,Musella Foundation,Add
NCT03119064,Tag,Musella Foundation,Add
NCT03122197,Tag,Musella Foundation,Add
NCT03126266,Tag,Musella Foundation,Add
NCT03128047,Tag,Musella Foundation,Add
NCT03134131,Tag,Musella Foundation,Add
NCT03149003,Tag,Musella Foundation,Add
NCT03151772,Tag,Musella Foundation,Add
NCT03152318,Tag,Musella Foundation,Add
NCT03154190,Tag,Musella Foundation,Add
NCT03154996,Tag,Musella Foundation,Add
NCT03155620,Tag,Musella Foundation,Add
NCT03158389,Tag,Musella Foundation,Add
NCT03163368,Tag,Musella Foundation,Add
NCT03173950,Tag,Musella Foundation,Add
NCT03174197,Tag,Musella Foundation,Add
NCT03178032,Tag,Musella Foundation,Add
NCT03179449,Tag,Musella Foundation,Add
NCT03180268,Tag,Musella Foundation,Add
NCT03180502,Tag,Musella Foundation,Add
NCT03181477,Tag,Musella Foundation,Add
NCT03189381,Tag,Musella Foundation,Add
NCT03190967,Tag,Musella Foundation,Add
NCT03194906,Tag,Musella Foundation,Add
NCT03206021,Tag,Musella Foundation,Add
NCT03210714,Tag,Musella Foundation,Add
NCT03212235,Tag,Musella Foundation,Add
NCT03212274,Tag,Musella Foundation,Add
NCT03212742,Tag,Musella Foundation,Add
NCT03213002,Tag,Musella Foundation,Add
NCT03213665,Tag,Musella Foundation,Add
NCT03213678,Tag,Musella Foundation,Add
NCT03213704,Tag,Musella Foundation,Add
NCT03220035,Tag,Musella Foundation,Add
NCT03220646,Tag,Musella Foundation,Add
NCT03223103,Tag,Musella Foundation,Add
NCT03223675,Tag,Musella Foundation,Add
NCT03223922,Tag,Musella Foundation,Add
NCT03224104,Tag,Musella Foundation,Add
NCT03224767,Tag,Musella Foundation,Add
NCT03226483,Tag,Musella Foundation,Add
NCT03231501,Tag,Musella Foundation,Add
NCT03232424,Tag,Musella Foundation,Add
NCT03233152,Tag,Musella Foundation,Add
NCT03233204,Tag,Musella Foundation,Add
NCT03234309,Tag,Musella Foundation,Add
NCT03234595,Tag,Musella Foundation,Add
NCT03242824,Tag,Musella Foundation,Add
NCT03243461,Tag,Musella Foundation,Add
NCT03243851,Tag,Musella Foundation,Add
NCT03247127,Tag,Musella Foundation,Add
NCT03250299,Tag,Musella Foundation,Add
NCT03251027,Tag,Musella Foundation,Add
NCT03257618,Tag,Musella Foundation,Add
NCT03264300,Tag,Musella Foundation,Add
NCT03267836,Tag,Musella Foundation,Add
NCT03273712,Tag,Musella Foundation,Add
NCT03274037,Tag,Musella Foundation,Add
NCT03276676,Tag,Musella Foundation,Add
NCT03277638,Tag,Musella Foundation,Add
NCT03278249,Tag,Musella Foundation,Add
NCT03279692,Tag,Musella Foundation,Add
NCT03281889,Tag,Musella Foundation,Add
NCT03283631,Tag,Musella Foundation,Add
NCT03285932,Tag,Musella Foundation,Add
NCT03286335,Tag,Musella Foundation,Add
NCT03291977,Tag,Musella Foundation,Add
NCT03291990,Tag,Musella Foundation,Add
NCT03294486,Tag,Musella Foundation,Add
NCT03295396,Tag,Musella Foundation,Add
NCT03296696,Tag,Musella Foundation,Add
NCT03297125,Tag,Musella Foundation,Add
NCT03297788,Tag,Musella Foundation,Add
NCT03299309,Tag,Musella Foundation,Add
NCT03303365,Tag,Musella Foundation,Add
NCT03309319,Tag,Musella Foundation,Add
NCT03322813,Tag,Musella Foundation,Add
NCT03323450,Tag,Musella Foundation,Add
NCT03328858,Tag,Musella Foundation,Add
NCT03332355,Tag,Musella Foundation,Add
NCT03334305,Tag,Musella Foundation,Add
NCT03340506,Tag,Musella Foundation,Add
NCT03341806,Tag,Musella Foundation,Add
NCT03344250,Tag,Musella Foundation,Add
NCT03345095,Tag,Musella Foundation,Add
NCT03347097,Tag,Musella Foundation,Add
NCT03347617,Tag,Musella Foundation,Add
NCT03352427,Tag,Musella Foundation,Add
NCT03353896,Tag,Musella Foundation,Add
NCT03355794,Tag,Musella Foundation,Add
NCT03360708,Tag,Musella Foundation,Add
NCT03363217,Tag,Musella Foundation,Add
NCT03363659,Tag,Musella Foundation,Add
NCT03366376,Tag,Musella Foundation,Add
NCT03367715,Tag,Musella Foundation,Add
NCT03368625,Tag,Musella Foundation,Add
NCT03373487,Tag,Musella Foundation,Add
NCT03374943,Tag,Musella Foundation,Add
NCT03382977,Tag,Musella Foundation,Add
NCT03383978,Tag,Musella Foundation,Add
NCT03387020,Tag,Musella Foundation,Add
NCT03389230,Tag,Musella Foundation,Add
NCT03389802,Tag,Musella Foundation,Add
NCT03390569,Tag,Musella Foundation,Add
NCT03391362,Tag,Musella Foundation,Add
NCT03392545,Tag,Musella Foundation,Add
NCT03395587,Tag,Musella Foundation,Add
NCT03396575,Tag,Musella Foundation,Add
NCT03398694,Tag,Musella Foundation,Add
NCT03400917,Tag,Musella Foundation,Add
NCT03402425,Tag,Musella Foundation,Add
NCT03403361,Tag,Musella Foundation,Add
NCT03404414,Tag,Musella Foundation,Add
NCT03405792,Tag,Musella Foundation,Add
NCT03411408,Tag,Musella Foundation,Add
NCT03412812,Tag,Musella Foundation,Add
NCT03412877,Tag,Musella Foundation,Add
NCT03414944,Tag,Musella Foundation,Add
NCT03416530,Tag,Musella Foundation,Add
NCT03422094,Tag,Musella Foundation,Add
NCT03423628,Tag,Musella Foundation,Add
NCT03423992,Tag,Musella Foundation,Add
NCT03425292,Tag,Musella Foundation,Add
NCT03426891,Tag,Musella Foundation,Add
NCT03430791,Tag,Musella Foundation,Add
NCT03430947,Tag,Musella Foundation,Add
NCT03434262,Tag,Musella Foundation,Add
NCT03436433,Tag,Musella Foundation,Add
NCT03449238,Tag,Musella Foundation,Add
NCT03451123,Tag,Musella Foundation,Add
NCT03451799,Tag,Musella Foundation,Add
NCT03452579,Tag,Musella Foundation,Add
NCT03452930,Tag,Musella Foundation,Add
NCT03454295,Tag,Musella Foundation,Add
NCT03458312,Tag,Musella Foundation,Add
NCT03460782,Tag,Musella Foundation,Add
NCT03463265,Tag,Musella Foundation,Add
NCT03463733,Tag,Musella Foundation,Add
NCT03465618,Tag,Musella Foundation,Add
NCT03466450,Tag,Musella Foundation,Add
NCT03475186,Tag,Musella Foundation,Add
NCT03477110,Tag,Musella Foundation,Add
NCT03477513,Tag,Musella Foundation,Add
NCT03478462,Tag,Musella Foundation,Add
NCT03493932,Tag,Musella Foundation,Add
NCT03500991,Tag,Musella Foundation,Add
NCT03506139,Tag,Musella Foundation,Add
NCT03508752,Tag,Musella Foundation,Add
NCT03510208,Tag,Musella Foundation,Add
NCT03514069,Tag,Musella Foundation,Add
NCT03515603,Tag,Musella Foundation,Add
NCT03522298,Tag,Musella Foundation,Add
NCT03525080,Tag,Musella Foundation,Add
NCT03525301,Tag,Musella Foundation,Add
NCT03526250,Tag,Musella Foundation,Add
NCT03526822,Tag,Musella Foundation,Add
NCT03528642,Tag,Musella Foundation,Add
NCT03531333,Tag,Musella Foundation,Add
NCT03534050,Tag,Musella Foundation,Add
NCT03535350,Tag,Musella Foundation,Add
NCT03538587,Tag,Musella Foundation,Add
NCT03539731,Tag,Musella Foundation,Add
NCT03548571,Tag,Musella Foundation,Add
NCT03550391,Tag,Musella Foundation,Add
NCT03551249,Tag,Musella Foundation,Add
NCT03557359,Tag,Musella Foundation,Add
NCT03557372,Tag,Musella Foundation,Add
NCT03561259,Tag,Musella Foundation,Add
NCT03561870,Tag,Musella Foundation,Add
NCT03566199,Tag,Musella Foundation,Add
NCT03572530,Tag,Musella Foundation,Add
NCT03573986,Tag,Musella Foundation,Add
NCT03576612,Tag,Musella Foundation,Add
NCT03581240,Tag,Musella Foundation,Add
NCT03581292,Tag,Musella Foundation,Add
NCT03591861,Tag,Musella Foundation,Add
NCT03593330,Tag,Musella Foundation,Add
NCT03596086,Tag,Musella Foundation,Add
NCT03598244,Tag,Musella Foundation,Add
NCT03603379,Tag,Musella Foundation,Add
NCT03603405,Tag,Musella Foundation,Add
NCT03604302,Tag,Musella Foundation,Add
NCT03604978,Tag,Musella Foundation,Add
NCT03605550,Tag,Musella Foundation,Add
NCT03606161,Tag,Musella Foundation,Add
NCT03608020,Tag,Musella Foundation,Add
NCT03616860,Tag,Musella Foundation,Add
NCT03618667,Tag,Musella Foundation,Add
NCT03619239,Tag,Musella Foundation,Add
NCT03621280,Tag,Musella Foundation,Add
NCT03621748,Tag,Musella Foundation,Add
NCT03629964,Tag,Musella Foundation,Add
NCT03630289,Tag,Musella Foundation,Add
NCT03632135,Tag,Musella Foundation,Add
NCT03633552,Tag,Musella Foundation,Add
NCT03636477,Tag,Musella Foundation,Add
NCT03636568,Tag,Musella Foundation,Add
NCT03638167,Tag,Musella Foundation,Add
NCT03641443,Tag,Musella Foundation,Add
NCT03643549,Tag,Musella Foundation,Add
NCT03649880,Tag,Musella Foundation,Add
NCT03652545,Tag,Musella Foundation,Add
NCT03654716,Tag,Musella Foundation,Add
NCT03661723,Tag,Musella Foundation,Add
NCT03663725,Tag,Musella Foundation,Add
NCT03665545,Tag,Musella Foundation,Add
NCT03672721,Tag,Musella Foundation,Add
NCT03673787,Tag,Musella Foundation,Add
NCT03675230,Tag,Musella Foundation,Add
NCT03677713,Tag,Musella Foundation,Add
NCT03678389,Tag,Musella Foundation,Add
NCT03678883,Tag,Musella Foundation,Add
NCT03681028,Tag,Musella Foundation,Add
NCT03684109,Tag,Musella Foundation,Add
NCT03684811,Tag,Musella Foundation,Add
NCT03687957,Tag,Musella Foundation,Add
NCT03690869,Tag,Musella Foundation,Add
NCT03696355,Tag,Musella Foundation,Add
NCT03707457,Tag,Musella Foundation,Add
NCT03708900,Tag,Musella Foundation,Add
NCT03709680,Tag,Musella Foundation,Add
NCT03712293,Tag,Musella Foundation,Add
NCT03714243,Tag,Musella Foundation,Add
NCT03714334,Tag,Musella Foundation,Add
NCT03714347,Tag,Musella Foundation,Add
NCT03717142,Tag,Musella Foundation,Add
NCT03718767,Tag,Musella Foundation,Add
NCT03721055,Tag,Musella Foundation,Add
NCT03722342,Tag,Musella Foundation,Add
NCT03726515,Tag,Musella Foundation,Add
NCT03727841,Tag,Musella Foundation,Add
NCT03728465,Tag,Musella Foundation,Add
NCT03728673,Tag,Musella Foundation,Add
NCT03732352,Tag,Musella Foundation,Add
NCT03734913,Tag,Musella Foundation,Add
NCT03735498,Tag,Musella Foundation,Add
NCT03739333,Tag,Musella Foundation,Add
NCT03739372,Tag,Musella Foundation,Add
NCT03739411,Tag,Musella Foundation,Add
NCT03741244,Tag,Musella Foundation,Add
NCT03743662,Tag,Musella Foundation,Add
NCT03744026,Tag,Musella Foundation,Add
NCT03746080,Tag,Musella Foundation,Add
NCT03749187,Tag,Musella Foundation,Add
NCT03750071,Tag,Musella Foundation,Add
NCT03750513,Tag,Musella Foundation,Add
NCT03763396,Tag,Musella Foundation,Add
NCT03769103,Tag,Musella Foundation,Add
NCT03773705,Tag,Musella Foundation,Add
NCT03774446,Tag,Musella Foundation,Add
NCT03775369,Tag,Musella Foundation,Add
NCT03778294,Tag,Musella Foundation,Add
NCT03779230,Tag,Musella Foundation,Add
NCT03782415,Tag,Musella Foundation,Add
NCT03787056,Tag,Musella Foundation,Add
NCT03789149,Tag,Musella Foundation,Add
NCT03796273,Tag,Musella Foundation,Add
NCT03797326,Tag,Musella Foundation,Add
NCT03807076,Tag,Musella Foundation,Add
NCT03807765,Tag,Musella Foundation,Add
NCT03815838,Tag,Musella Foundation,Add
NCT03818386,Tag,Musella Foundation,Add
NCT03834740,Tag,Musella Foundation,Add
NCT03849105,Tag,Musella Foundation,Add
NCT03861299,Tag,Musella Foundation,Add
NCT03861598,Tag,Musella Foundation,Add
NCT03866109,Tag,Musella Foundation,Add
NCT03867123,Tag,Musella Foundation,Add
NCT03869242,Tag,Musella Foundation,Add
NCT03879512,Tag,Musella Foundation,Add
NCT03881605,Tag,Musella Foundation,Add
NCT03890952,Tag,Musella Foundation,Add
NCT03893487,Tag,Musella Foundation,Add
NCT03893903,Tag,Musella Foundation,Add
NCT03896568,Tag,Musella Foundation,Add
NCT03903419,Tag,Musella Foundation,Add
NCT03903640,Tag,Musella Foundation,Add
NCT03904628,Tag,Musella Foundation,Add
NCT03904862,Tag,Musella Foundation,Add
NCT03906448,Tag,Musella Foundation,Add
NCT03911388,Tag,Musella Foundation,Add
NCT03911869,Tag,Musella Foundation,Add
NCT03916757,Tag,Musella Foundation,Add
NCT03922555,Tag,Musella Foundation,Add
NCT03922984,Tag,Musella Foundation,Add
NCT03925246,Tag,Musella Foundation,Add
NCT03926507,Tag,Musella Foundation,Add
NCT03927183,Tag,Musella Foundation,Add
NCT03927274,Tag,Musella Foundation,Add
NCT03930173,Tag,Musella Foundation,Add
NCT03930771,Tag,Musella Foundation,Add
NCT03932981,Tag,Musella Foundation,Add
NCT03933241,Tag,Musella Foundation,Add
NCT03933982,Tag,Musella Foundation,Add
NCT03935685,Tag,Musella Foundation,Add
NCT03936426,Tag,Musella Foundation,Add
NCT03948490,Tag,Musella Foundation,Add
NCT03953131,Tag,Musella Foundation,Add
NCT03956706,Tag,Musella Foundation,Add
NCT03964909,Tag,Musella Foundation,Add
NCT03969706,Tag,Musella Foundation,Add
NCT03970226,Tag,Musella Foundation,Add
NCT03970447,Tag,Musella Foundation,Add
NCT03970499,Tag,Musella Foundation,Add
NCT03971461,Tag,Musella Foundation,Add
NCT03975959,Tag,Musella Foundation,Add
NCT03980431,Tag,Musella Foundation,Add
NCT03990285,Tag,Musella Foundation,Add
NCT03995706,Tag,Musella Foundation,Add
NCT03997617,Tag,Musella Foundation,Add
NCT04004975,Tag,Musella Foundation,Add
NCT04006119,Tag,Musella Foundation,Add
NCT04023669,Tag,Musella Foundation,Add
NCT04042753,Tag,Musella Foundation,Add
NCT04044937,Tag,Musella Foundation,Add
NCT04047706,Tag,Musella Foundation,Add
NCT04051606,Tag,Musella Foundation,Add
NCT04058704,Tag,Musella Foundation,Add
NCT04061408,Tag,Musella Foundation,Add
NCT04065087,Tag,Musella Foundation,Add
NCT04065776,Tag,Musella Foundation,Add
NCT04084431,Tag,Musella Foundation,Add
NCT00075387,WF_Musella1,Needs Review,Add
NCT00147056,WF_Musella1,Needs Review,Add
NCT00267865,WF_Musella1,Needs Review,Add
NCT00303849,WF_Musella1,Needs Review,Add
NCT00659126,WF_Musella1,Needs Review,Add
NCT00840047,WF_Musella1,Needs Review,Add
NCT00870129,WF_Musella1,Needs Review,Add
NCT00887146,WF_Musella1,Needs Review,Add
NCT01089101,WF_Musella1,Needs Review,Add
NCT01130077,WF_Musella1,Needs Review,Add
NCT01166321,WF_Musella1,Needs Review,Add
NCT01174121,WF_Musella1,Needs Review,Add
NCT01269853,WF_Musella1,Needs Review,Add
NCT01272622,WF_Musella1,Needs Review,Add
NCT01295944,WF_Musella1,Needs Review,Add
NCT01356290,WF_Musella1,Needs Review,Add
NCT01434602,WF_Musella1,Needs Review,Add
NCT01464177,WF_Musella1,Needs Review,Add
NCT01466686,WF_Musella1,Needs Review,Add
NCT01473485,WF_Musella1,Needs Review,Add
NCT01502917,WF_Musella1,Needs Review,Add
NCT01503086,WF_Musella1,Needs Review,Add
NCT01505569,WF_Musella1,Needs Review,Add
NCT01534104,WF_Musella1,Needs Review,Add
NCT01567202,WF_Musella1,Needs Review,Add
NCT01604512,WF_Musella1,Needs Review,Add
NCT01649830,WF_Musella1,Needs Review,Add
NCT01661400,WF_Musella1,Needs Review,Add
NCT01668082,WF_Musella1,Needs Review,Add
NCT01672463,WF_Musella1,Needs Review,Add
NCT01674582,WF_Musella1,Needs Review,Add
NCT01700569,WF_Musella1,Needs Review,Add
NCT01724606,WF_Musella1,Needs Review,Add
NCT01743950,WF_Musella1,Needs Review,Add
NCT01765088,WF_Musella1,Needs Review,Add
NCT01794793,WF_Musella1,Needs Review,Add
NCT01795313,WF_Musella1,Needs Review,Add
NCT01811498,WF_Musella1,Needs Review,Add
NCT01813877,WF_Musella1,Needs Review,Add
NCT01817751,WF_Musella1,Needs Review,Add
NCT01822275,WF_Musella1,Needs Review,Add
NCT01837862,WF_Musella1,Needs Review,Add
NCT01849146,WF_Musella1,Needs Review,Add
NCT01857453,WF_Musella1,Needs Review,Add
NCT01878617,WF_Musella1,Needs Review,Add
NCT01884740,WF_Musella1,Needs Review,Add
NCT01887522,WF_Musella1,Needs Review,Add
NCT01894061,WF_Musella1,Needs Review,Add
NCT01903330,WF_Musella1,Needs Review,Add
NCT01904123,WF_Musella1,Needs Review,Add
NCT01905228,WF_Musella1,Needs Review,Add
NCT01906385,WF_Musella1,Needs Review,Add
NCT01951469,WF_Musella1,Needs Review,Add
NCT01951482,WF_Musella1,Needs Review,Add
NCT01954576,WF_Musella1,Needs Review,Add
NCT01967823,WF_Musella1,Needs Review,Add
NCT01985087,WF_Musella1,Needs Review,Add
NCT02013297,WF_Musella1,Needs Review,Add
NCT02025881,WF_Musella1,Needs Review,Add
NCT02062827,WF_Musella1,Needs Review,Add
NCT02066220,WF_Musella1,Needs Review,Add
NCT02077543,WF_Musella1,Needs Review,Add
NCT02094625,WF_Musella1,Needs Review,Add
NCT02095132,WF_Musella1,Needs Review,Add
NCT02101905,WF_Musella1,Needs Review,Add
NCT02125786,WF_Musella1,Needs Review,Add
NCT02146066,WF_Musella1,Needs Review,Add
NCT02149459,WF_Musella1,Needs Review,Add
NCT02153957,WF_Musella1,Needs Review,Add
NCT02177578,WF_Musella1,Needs Review,Add
NCT02179086,WF_Musella1,Needs Review,Add
NCT02191488,WF_Musella1,Needs Review,Add
NCT02192359,WF_Musella1,Needs Review,Add
NCT02206230,WF_Musella1,Needs Review,Add
NCT02208362,WF_Musella1,Needs Review,Add
NCT02233049,WF_Musella1,Needs Review,Add
NCT02239952,WF_Musella1,Needs Review,Add
NCT02265770,WF_Musella1,Needs Review,Add
NCT02271711,WF_Musella1,Needs Review,Add
NCT02285439,WF_Musella1,Needs Review,Add
NCT02285959,WF_Musella1,Needs Review,Add
NCT02288962,WF_Musella1,Needs Review,Add
NCT02303678,WF_Musella1,Needs Review,Add
NCT02304458,WF_Musella1,Needs Review,Add
NCT02311582,WF_Musella1,Needs Review,Add
NCT02323880,WF_Musella1,Needs Review,Add
NCT02330562,WF_Musella1,Needs Review,Add
NCT02331498,WF_Musella1,Needs Review,Add
NCT02334722,WF_Musella1,Needs Review,Add
NCT02343224,WF_Musella1,Needs Review,Add
NCT02343549,WF_Musella1,Needs Review,Add
NCT02344355,WF_Musella1,Needs Review,Add
NCT02358187,WF_Musella1,Needs Review,Add
NCT02359097,WF_Musella1,Needs Review,Add
NCT02359565,WF_Musella1,Needs Review,Add
NCT02372006,WF_Musella1,Needs Review,Add
NCT02372409,WF_Musella1,Needs Review,Add
NCT02378532,WF_Musella1,Needs Review,Add
NCT02379572,WF_Musella1,Needs Review,Add
NCT02389309,WF_Musella1,Needs Review,Add
NCT02390518,WF_Musella1,Needs Review,Add
NCT02394626,WF_Musella1,Needs Review,Add
NCT02419664,WF_Musella1,Needs Review,Add
NCT02420613,WF_Musella1,Needs Review,Add
NCT02423525,WF_Musella1,Needs Review,Add
NCT02441322,WF_Musella1,Needs Review,Add
NCT02442297,WF_Musella1,Needs Review,Add
NCT02444000,WF_Musella1,Needs Review,Add
NCT02455245,WF_Musella1,Needs Review,Add
NCT02457845,WF_Musella1,Needs Review,Add
NCT02460068,WF_Musella1,Needs Review,Add
NCT02460874,WF_Musella1,Needs Review,Add
NCT02465060,WF_Musella1,Needs Review,Add
NCT02465268,WF_Musella1,Needs Review,Add
NCT02481349,WF_Musella1,Needs Review,Add
NCT02502708,WF_Musella1,Needs Review,Add
NCT02504788,WF_Musella1,Needs Review,Add
NCT02505165,WF_Musella1,Needs Review,Add
NCT02507232,WF_Musella1,Needs Review,Add
NCT02508038,WF_Musella1,Needs Review,Add
NCT02525692,WF_Musella1,Needs Review,Add
NCT02530320,WF_Musella1,Needs Review,Add
NCT02537106,WF_Musella1,Needs Review,Add
NCT02549833,WF_Musella1,Needs Review,Add
NCT02567539,WF_Musella1,Needs Review,Add
NCT02568267,WF_Musella1,Needs Review,Add
NCT02594709,WF_Musella1,Needs Review,Add
NCT02596828,WF_Musella1,Needs Review,Add
NCT02613988,WF_Musella1,Needs Review,Add
NCT02617589,WF_Musella1,Needs Review,Add
NCT02617745,WF_Musella1,Needs Review,Add
NCT02626364,WF_Musella1,Needs Review,Add
NCT02629757,WF_Musella1,Needs Review,Add
NCT02644291,WF_Musella1,Needs Review,Add
NCT02644460,WF_Musella1,Needs Review,Add
NCT02645487,WF_Musella1,Needs Review,Add
NCT02648997,WF_Musella1,Needs Review,Add
NCT02649582,WF_Musella1,Needs Review,Add
NCT02655536,WF_Musella1,Needs Review,Add
NCT02655601,WF_Musella1,Needs Review,Add
NCT02658279,WF_Musella1,Needs Review,Add
NCT02658981,WF_Musella1,Needs Review,Add
NCT02659800,WF_Musella1,Needs Review,Add
NCT02661282,WF_Musella1,Needs Review,Add
NCT02663271,WF_Musella1,Needs Review,Add
NCT02667587,WF_Musella1,Needs Review,Add
NCT02669173,WF_Musella1,Needs Review,Add
NCT02678975,WF_Musella1,Needs Review,Add
NCT02681549,WF_Musella1,Needs Review,Add
NCT02684058,WF_Musella1,Needs Review,Add
NCT02684071,WF_Musella1,Needs Review,Add
NCT02685605,WF_Musella1,Needs Review,Add
NCT02691923,WF_Musella1,Needs Review,Add
NCT02693405,WF_Musella1,Needs Review,Add
NCT02693990,WF_Musella1,Needs Review,Add
NCT02698254,WF_Musella1,Needs Review,Add
NCT02704858,WF_Musella1,Needs Review,Add
NCT02709226,WF_Musella1,Needs Review,Add
NCT02715297,WF_Musella1,Needs Review,Add
NCT02715609,WF_Musella1,Needs Review,Add
NCT02717455,WF_Musella1,Needs Review,Add
NCT02717962,WF_Musella1,Needs Review,Add
NCT02722512,WF_Musella1,Needs Review,Add
NCT02724579,WF_Musella1,Needs Review,Add
NCT02726568,WF_Musella1,Needs Review,Add
NCT02747303,WF_Musella1,Needs Review,Add
NCT02747407,WF_Musella1,Needs Review,Add
NCT02748135,WF_Musella1,Needs Review,Add
NCT02750371,WF_Musella1,Needs Review,Add
NCT02754544,WF_Musella1,Needs Review,Add
NCT02758366,WF_Musella1,Needs Review,Add
NCT02761070,WF_Musella1,Needs Review,Add
NCT02765165,WF_Musella1,Needs Review,Add
NCT02766699,WF_Musella1,Needs Review,Add
NCT02768337,WF_Musella1,Needs Review,Add
NCT02774421,WF_Musella1,Needs Review,Add
NCT02780024,WF_Musella1,Needs Review,Add
NCT02781792,WF_Musella1,Needs Review,Add
NCT02792582,WF_Musella1,Needs Review,Add
NCT02796261,WF_Musella1,Needs Review,Add
NCT02800486,WF_Musella1,Needs Review,Add
NCT02813044,WF_Musella1,Needs Review,Add
NCT02824731,WF_Musella1,Needs Review,Add
NCT02829931,WF_Musella1,Needs Review,Add
NCT02831959,WF_Musella1,Needs Review,Add
NCT02840409,WF_Musella1,Needs Review,Add
NCT02847559,WF_Musella1,Needs Review,Add
NCT02849743,WF_Musella1,Needs Review,Add
NCT02854644,WF_Musella1,Needs Review,Add
NCT02861898,WF_Musella1,Needs Review,Add
NCT02864368,WF_Musella1,Needs Review,Add
NCT02869243,WF_Musella1,Needs Review,Add
NCT02875314,WF_Musella1,Needs Review,Add
NCT02885272,WF_Musella1,Needs Review,Add
NCT02885324,WF_Musella1,Needs Review,Add
NCT02893137,WF_Musella1,Needs Review,Add
NCT02895360,WF_Musella1,Needs Review,Add
NCT02902757,WF_Musella1,Needs Review,Add
NCT02905110,WF_Musella1,Needs Review,Add
NCT02909777,WF_Musella1,Needs Review,Add
NCT02910804,WF_Musella1,Needs Review,Add
NCT02914067,WF_Musella1,Needs Review,Add
NCT02924038,WF_Musella1,Needs Review,Add
NCT02941302,WF_Musella1,Needs Review,Add
NCT02942264,WF_Musella1,Needs Review,Add
NCT02945826,WF_Musella1,Needs Review,Add
NCT02956291,WF_Musella1,Needs Review,Add
NCT02962167,WF_Musella1,Needs Review,Add
NCT02970448,WF_Musella1,Needs Review,Add
NCT02977780,WF_Musella1,Needs Review,Add
NCT02978261,WF_Musella1,Needs Review,Add
NCT02978404,WF_Musella1,Needs Review,Add
NCT02986178,WF_Musella1,Needs Review,Add
NCT02986815,WF_Musella1,Needs Review,Add
NCT02991456,WF_Musella1,Needs Review,Add
NCT02992015,WF_Musella1,Needs Review,Add
NCT03010943,WF_Musella1,Needs Review,Add
NCT03014687,WF_Musella1,Needs Review,Add
NCT03016091,WF_Musella1,Needs Review,Add
NCT03018288,WF_Musella1,Needs Review,Add
NCT03022578,WF_Musella1,Needs Review,Add
NCT03025893,WF_Musella1,Needs Review,Add
NCT03027388,WF_Musella1,Needs Review,Add
NCT03028246,WF_Musella1,Needs Review,Add
NCT03032484,WF_Musella1,Needs Review,Add
NCT03033992,WF_Musella1,Needs Review,Add
NCT03037385,WF_Musella1,Needs Review,Add
NCT03043391,WF_Musella1,Needs Review,Add
NCT03047473,WF_Musella1,Needs Review,Add
NCT03048084,WF_Musella1,Needs Review,Add
NCT03050736,WF_Musella1,Needs Review,Add
NCT03055208,WF_Musella1,Needs Review,Add
NCT03058198,WF_Musella1,Needs Review,Add
NCT03058289,WF_Musella1,Needs Review,Add
NCT03071874,WF_Musella1,Needs Review,Add
NCT03072134,WF_Musella1,Needs Review,Add
NCT03075072,WF_Musella1,Needs Review,Add
NCT03076255,WF_Musella1,Needs Review,Add
NCT03086616,WF_Musella1,Needs Review,Add
NCT03091803,WF_Musella1,Needs Review,Add
NCT03095248,WF_Musella1,Needs Review,Add
NCT03107780,WF_Musella1,Needs Review,Add
NCT03111810,WF_Musella1,Needs Review,Add
NCT03115138,WF_Musella1,Needs Review,Add
NCT03115333,WF_Musella1,Needs Review,Add
NCT03115398,WF_Musella1,Needs Review,Add
NCT03119064,WF_Musella1,Needs Review,Add
NCT03122197,WF_Musella1,Needs Review,Add
NCT03126266,WF_Musella1,Needs Review,Add
NCT03128047,WF_Musella1,Needs Review,Add
NCT03134131,WF_Musella1,Needs Review,Add
NCT03149003,WF_Musella1,Needs Review,Add
NCT03151772,WF_Musella1,Needs Review,Add
NCT03152318,WF_Musella1,Needs Review,Add
NCT03154190,WF_Musella1,Needs Review,Add
NCT03154996,WF_Musella1,Needs Review,Add
NCT03155620,WF_Musella1,Needs Review,Add
NCT03158389,WF_Musella1,Needs Review,Add
NCT03163368,WF_Musella1,Needs Review,Add
NCT03173950,WF_Musella1,Needs Review,Add
NCT03174197,WF_Musella1,Needs Review,Add
NCT03178032,WF_Musella1,Needs Review,Add
NCT03179449,WF_Musella1,Needs Review,Add
NCT03180268,WF_Musella1,Needs Review,Add
NCT03180502,WF_Musella1,Needs Review,Add
NCT03181477,WF_Musella1,Needs Review,Add
NCT03189381,WF_Musella1,Needs Review,Add
NCT03190967,WF_Musella1,Needs Review,Add
NCT03194906,WF_Musella1,Needs Review,Add
NCT03206021,WF_Musella1,Needs Review,Add
NCT03210714,WF_Musella1,Needs Review,Add
NCT03212235,WF_Musella1,Needs Review,Add
NCT03212274,WF_Musella1,Needs Review,Add
NCT03212742,WF_Musella1,Needs Review,Add
NCT03213002,WF_Musella1,Needs Review,Add
NCT03213665,WF_Musella1,Needs Review,Add
NCT03213678,WF_Musella1,Needs Review,Add
NCT03213704,WF_Musella1,Needs Review,Add
NCT03220035,WF_Musella1,Needs Review,Add
NCT03220646,WF_Musella1,Needs Review,Add
NCT03223103,WF_Musella1,Needs Review,Add
NCT03223675,WF_Musella1,Needs Review,Add
NCT03223922,WF_Musella1,Needs Review,Add
NCT03224104,WF_Musella1,Needs Review,Add
NCT03224767,WF_Musella1,Needs Review,Add
NCT03226483,WF_Musella1,Needs Review,Add
NCT03231501,WF_Musella1,Needs Review,Add
NCT03232424,WF_Musella1,Needs Review,Add
NCT03233152,WF_Musella1,Needs Review,Add
NCT03233204,WF_Musella1,Needs Review,Add
NCT03234309,WF_Musella1,Needs Review,Add
NCT03234595,WF_Musella1,Needs Review,Add
NCT03242824,WF_Musella1,Needs Review,Add
NCT03243461,WF_Musella1,Needs Review,Add
NCT03243851,WF_Musella1,Needs Review,Add
NCT03247127,WF_Musella1,Needs Review,Add
NCT03250299,WF_Musella1,Needs Review,Add
NCT03251027,WF_Musella1,Needs Review,Add
NCT03257618,WF_Musella1,Needs Review,Add
NCT03264300,WF_Musella1,Needs Review,Add
NCT03267836,WF_Musella1,Needs Review,Add
NCT03273712,WF_Musella1,Needs Review,Add
NCT03274037,WF_Musella1,Needs Review,Add
NCT03276676,WF_Musella1,Needs Review,Add
NCT03277638,WF_Musella1,Needs Review,Add
NCT03278249,WF_Musella1,Needs Review,Add
NCT03279692,WF_Musella1,Needs Review,Add
NCT03281889,WF_Musella1,Needs Review,Add
NCT03283631,WF_Musella1,Needs Review,Add
NCT03285932,WF_Musella1,Needs Review,Add
NCT03286335,WF_Musella1,Needs Review,Add
NCT03291977,WF_Musella1,Needs Review,Add
NCT03291990,WF_Musella1,Needs Review,Add
NCT03294486,WF_Musella1,Needs Review,Add
NCT03295396,WF_Musella1,Needs Review,Add
NCT03296696,WF_Musella1,Needs Review,Add
NCT03297125,WF_Musella1,Needs Review,Add
NCT03297788,WF_Musella1,Needs Review,Add
NCT03299309,WF_Musella1,Needs Review,Add
NCT03303365,WF_Musella1,Needs Review,Add
NCT03309319,WF_Musella1,Needs Review,Add
NCT03322813,WF_Musella1,Needs Review,Add
NCT03323450,WF_Musella1,Needs Review,Add
NCT03328858,WF_Musella1,Needs Review,Add
NCT03332355,WF_Musella1,Needs Review,Add
NCT03334305,WF_Musella1,Needs Review,Add
NCT03340506,WF_Musella1,Needs Review,Add
NCT03341806,WF_Musella1,Needs Review,Add
NCT03344250,WF_Musella1,Needs Review,Add
NCT03345095,WF_Musella1,Needs Review,Add
NCT03347097,WF_Musella1,Needs Review,Add
NCT03347617,WF_Musella1,Needs Review,Add
NCT03352427,WF_Musella1,Needs Review,Add
NCT03353896,WF_Musella1,Needs Review,Add
NCT03355794,WF_Musella1,Needs Review,Add
NCT03360708,WF_Musella1,Needs Review,Add
NCT03363217,WF_Musella1,Needs Review,Add
NCT03363659,WF_Musella1,Needs Review,Add
NCT03366376,WF_Musella1,Needs Review,Add
NCT03367715,WF_Musella1,Needs Review,Add
NCT03368625,WF_Musella1,Needs Review,Add
NCT03373487,WF_Musella1,Needs Review,Add
NCT03374943,WF_Musella1,Needs Review,Add
NCT03382977,WF_Musella1,Needs Review,Add
NCT03383978,WF_Musella1,Needs Review,Add
NCT03387020,WF_Musella1,Needs Review,Add
NCT03389230,WF_Musella1,Needs Review,Add
NCT03389802,WF_Musella1,Needs Review,Add
NCT03390569,WF_Musella1,Needs Review,Add
NCT03391362,WF_Musella1,Needs Review,Add
NCT03392545,WF_Musella1,Needs Review,Add
NCT03395587,WF_Musella1,Needs Review,Add
NCT03396575,WF_Musella1,Needs Review,Add
NCT03398694,WF_Musella1,Needs Review,Add
NCT03400917,WF_Musella1,Needs Review,Add
NCT03402425,WF_Musella1,Needs Review,Add
NCT03403361,WF_Musella1,Needs Review,Add
NCT03404414,WF_Musella1,Needs Review,Add
NCT03405792,WF_Musella1,Needs Review,Add
NCT03411408,WF_Musella1,Needs Review,Add
NCT03412812,WF_Musella1,Needs Review,Add
NCT03412877,WF_Musella1,Needs Review,Add
NCT03414944,WF_Musella1,Needs Review,Add
NCT03416530,WF_Musella1,Needs Review,Add
NCT03422094,WF_Musella1,Needs Review,Add
NCT03423628,WF_Musella1,Needs Review,Add
NCT03423992,WF_Musella1,Needs Review,Add
NCT03425292,WF_Musella1,Needs Review,Add
NCT03426891,WF_Musella1,Needs Review,Add
NCT03430791,WF_Musella1,Needs Review,Add
NCT03430947,WF_Musella1,Needs Review,Add
NCT03434262,WF_Musella1,Needs Review,Add
NCT03436433,WF_Musella1,Needs Review,Add
NCT03449238,WF_Musella1,Needs Review,Add
NCT03451123,WF_Musella1,Needs Review,Add
NCT03451799,WF_Musella1,Needs Review,Add
NCT03452579,WF_Musella1,Needs Review,Add
NCT03452930,WF_Musella1,Needs Review,Add
NCT03454295,WF_Musella1,Needs Review,Add
NCT03458312,WF_Musella1,Needs Review,Add
NCT03460782,WF_Musella1,Needs Review,Add
NCT03463265,WF_Musella1,Needs Review,Add
NCT03463733,WF_Musella1,Needs Review,Add
NCT03465618,WF_Musella1,Needs Review,Add
NCT03466450,WF_Musella1,Needs Review,Add
NCT03475186,WF_Musella1,Needs Review,Add
NCT03477110,WF_Musella1,Needs Review,Add
NCT03477513,WF_Musella1,Needs Review,Add
NCT03478462,WF_Musella1,Needs Review,Add
NCT03493932,WF_Musella1,Needs Review,Add
NCT03500991,WF_Musella1,Needs Review,Add
NCT03506139,WF_Musella1,Needs Review,Add
NCT03508752,WF_Musella1,Needs Review,Add
NCT03510208,WF_Musella1,Needs Review,Add
NCT03514069,WF_Musella1,Needs Review,Add
NCT03515603,WF_Musella1,Needs Review,Add
NCT03522298,WF_Musella1,Needs Review,Add
NCT03525080,WF_Musella1,Needs Review,Add
NCT03525301,WF_Musella1,Needs Review,Add
NCT03526250,WF_Musella1,Needs Review,Add
NCT03526822,WF_Musella1,Needs Review,Add
NCT03528642,WF_Musella1,Needs Review,Add
NCT03531333,WF_Musella1,Needs Review,Add
NCT03534050,WF_Musella1,Needs Review,Add
NCT03535350,WF_Musella1,Needs Review,Add
NCT03538587,WF_Musella1,Needs Review,Add
NCT03539731,WF_Musella1,Needs Review,Add
NCT03548571,WF_Musella1,Needs Review,Add
NCT03550391,WF_Musella1,Needs Review,Add
NCT03551249,WF_Musella1,Needs Review,Add
NCT03557359,WF_Musella1,Needs Review,Add
NCT03557372,WF_Musella1,Needs Review,Add
NCT03561259,WF_Musella1,Needs Review,Add
NCT03561870,WF_Musella1,Needs Review,Add
NCT03566199,WF_Musella1,Needs Review,Add
NCT03572530,WF_Musella1,Needs Review,Add
NCT03573986,WF_Musella1,Needs Review,Add
NCT03576612,WF_Musella1,Needs Review,Add
NCT03581240,WF_Musella1,Needs Review,Add
NCT03581292,WF_Musella1,Needs Review,Add
NCT03591861,WF_Musella1,Needs Review,Add
NCT03593330,WF_Musella1,Needs Review,Add
NCT03596086,WF_Musella1,Needs Review,Add
NCT03598244,WF_Musella1,Needs Review,Add
NCT03603379,WF_Musella1,Needs Review,Add
NCT03603405,WF_Musella1,Needs Review,Add
NCT03604302,WF_Musella1,Needs Review,Add
NCT03604978,WF_Musella1,Needs Review,Add
NCT03605550,WF_Musella1,Needs Review,Add
NCT03606161,WF_Musella1,Needs Review,Add
NCT03608020,WF_Musella1,Needs Review,Add
NCT03616860,WF_Musella1,Needs Review,Add
NCT03618667,WF_Musella1,Needs Review,Add
NCT03619239,WF_Musella1,Needs Review,Add
NCT03621280,WF_Musella1,Needs Review,Add
NCT03621748,WF_Musella1,Needs Review,Add
NCT03629964,WF_Musella1,Needs Review,Add
NCT03630289,WF_Musella1,Needs Review,Add
NCT03632135,WF_Musella1,Needs Review,Add
NCT03633552,WF_Musella1,Needs Review,Add
NCT03636477,WF_Musella1,Needs Review,Add
NCT03636568,WF_Musella1,Needs Review,Add
NCT03638167,WF_Musella1,Needs Review,Add
NCT03641443,WF_Musella1,Needs Review,Add
NCT03643549,WF_Musella1,Needs Review,Add
NCT03649880,WF_Musella1,Needs Review,Add
NCT03652545,WF_Musella1,Needs Review,Add
NCT03654716,WF_Musella1,Needs Review,Add
NCT03661723,WF_Musella1,Needs Review,Add
NCT03663725,WF_Musella1,Needs Review,Add
NCT03665545,WF_Musella1,Needs Review,Add
NCT03672721,WF_Musella1,Needs Review,Add
NCT03673787,WF_Musella1,Needs Review,Add
NCT03675230,WF_Musella1,Needs Review,Add
NCT03677713,WF_Musella1,Needs Review,Add
NCT03678389,WF_Musella1,Needs Review,Add
NCT03678883,WF_Musella1,Needs Review,Add
NCT03681028,WF_Musella1,Needs Review,Add
NCT03684109,WF_Musella1,Needs Review,Add
NCT03684811,WF_Musella1,Needs Review,Add
NCT03687957,WF_Musella1,Needs Review,Add
NCT03690869,WF_Musella1,Needs Review,Add
NCT03696355,WF_Musella1,Needs Review,Add
NCT03707457,WF_Musella1,Needs Review,Add
NCT03708900,WF_Musella1,Needs Review,Add
NCT03709680,WF_Musella1,Needs Review,Add
NCT03712293,WF_Musella1,Needs Review,Add
NCT03714243,WF_Musella1,Needs Review,Add
NCT03714334,WF_Musella1,Needs Review,Add
NCT03714347,WF_Musella1,Needs Review,Add
NCT03717142,WF_Musella1,Needs Review,Add
NCT03718767,WF_Musella1,Needs Review,Add
NCT03721055,WF_Musella1,Needs Review,Add
NCT03722342,WF_Musella1,Needs Review,Add
NCT03726515,WF_Musella1,Needs Review,Add
NCT03727841,WF_Musella1,Needs Review,Add
NCT03728465,WF_Musella1,Needs Review,Add
NCT03728673,WF_Musella1,Needs Review,Add
NCT03732352,WF_Musella1,Needs Review,Add
NCT03734913,WF_Musella1,Needs Review,Add
NCT03735498,WF_Musella1,Needs Review,Add
NCT03739333,WF_Musella1,Needs Review,Add
NCT03739372,WF_Musella1,Needs Review,Add
NCT03739411,WF_Musella1,Needs Review,Add
NCT03741244,WF_Musella1,Needs Review,Add
NCT03743662,WF_Musella1,Needs Review,Add
NCT03744026,WF_Musella1,Needs Review,Add
NCT03746080,WF_Musella1,Needs Review,Add
NCT03749187,WF_Musella1,Needs Review,Add
NCT03750071,WF_Musella1,Needs Review,Add
NCT03750513,WF_Musella1,Needs Review,Add
NCT03763396,WF_Musella1,Needs Review,Add
NCT03769103,WF_Musella1,Needs Review,Add
NCT03773705,WF_Musella1,Needs Review,Add
NCT03774446,WF_Musella1,Needs Review,Add
NCT03775369,WF_Musella1,Needs Review,Add
NCT03778294,WF_Musella1,Needs Review,Add
NCT03779230,WF_Musella1,Needs Review,Add
NCT03782415,WF_Musella1,Needs Review,Add
NCT03787056,WF_Musella1,Needs Review,Add
NCT03789149,WF_Musella1,Needs Review,Add
NCT03796273,WF_Musella1,Needs Review,Add
NCT03797326,WF_Musella1,Needs Review,Add
NCT03807076,WF_Musella1,Needs Review,Add
NCT03807765,WF_Musella1,Needs Review,Add
NCT03815838,WF_Musella1,Needs Review,Add
NCT03818386,WF_Musella1,Needs Review,Add
NCT03834740,WF_Musella1,Needs Review,Add
NCT03849105,WF_Musella1,Needs Review,Add
NCT03861299,WF_Musella1,Needs Review,Add
NCT03861598,WF_Musella1,Needs Review,Add
NCT03866109,WF_Musella1,Needs Review,Add
NCT03867123,WF_Musella1,Needs Review,Add
NCT03869242,WF_Musella1,Needs Review,Add
NCT03879512,WF_Musella1,Needs Review,Add
NCT03881605,WF_Musella1,Needs Review,Add
NCT03890952,WF_Musella1,Needs Review,Add
NCT03893487,WF_Musella1,Needs Review,Add
NCT03893903,WF_Musella1,Needs Review,Add
NCT03896568,WF_Musella1,Needs Review,Add
NCT03903419,WF_Musella1,Needs Review,Add
NCT03903640,WF_Musella1,Needs Review,Add
NCT03904628,WF_Musella1,Needs Review,Add
NCT03904862,WF_Musella1,Needs Review,Add
NCT03906448,WF_Musella1,Needs Review,Add
NCT03911388,WF_Musella1,Needs Review,Add
NCT03911869,WF_Musella1,Needs Review,Add
NCT03916757,WF_Musella1,Needs Review,Add
NCT03922555,WF_Musella1,Needs Review,Add
NCT03922984,WF_Musella1,Needs Review,Add
NCT03925246,WF_Musella1,Needs Review,Add
NCT03926507,WF_Musella1,Needs Review,Add
NCT03927183,WF_Musella1,Needs Review,Add
NCT03927274,WF_Musella1,Needs Review,Add
NCT03930173,WF_Musella1,Needs Review,Add
NCT03930771,WF_Musella1,Needs Review,Add
NCT03932981,WF_Musella1,Needs Review,Add
NCT03933241,WF_Musella1,Needs Review,Add
NCT03933982,WF_Musella1,Needs Review,Add
NCT03935685,WF_Musella1,Needs Review,Add
NCT03936426,WF_Musella1,Needs Review,Add
NCT03948490,WF_Musella1,Needs Review,Add
NCT03953131,WF_Musella1,Needs Review,Add
NCT03956706,WF_Musella1,Needs Review,Add
NCT03964909,WF_Musella1,Needs Review,Add
NCT03969706,WF_Musella1,Needs Review,Add
NCT03970226,WF_Musella1,Needs Review,Add
NCT03970447,WF_Musella1,Needs Review,Add
NCT03970499,WF_Musella1,Needs Review,Add
NCT03971461,WF_Musella1,Needs Review,Add
NCT03975959,WF_Musella1,Needs Review,Add
NCT03980431,WF_Musella1,Needs Review,Add
NCT03990285,WF_Musella1,Needs Review,Add
NCT03995706,WF_Musella1,Needs Review,Add
NCT03997617,WF_Musella1,Needs Review,Add
NCT04004975,WF_Musella1,Needs Review,Add
NCT04006119,WF_Musella1,Needs Review,Add
NCT04023669,WF_Musella1,Needs Review,Add
NCT04042753,WF_Musella1,Needs Review,Add
NCT04044937,WF_Musella1,Needs Review,Add
NCT04047706,WF_Musella1,Needs Review,Add
NCT04051606,WF_Musella1,Needs Review,Add
NCT04058704,WF_Musella1,Needs Review,Add
NCT04061408,WF_Musella1,Needs Review,Add
NCT04065087,WF_Musella1,Needs Review,Add
NCT04065776,WF_Musella1,Needs Review,Add
NCT04084431,WF_Musella1,Needs Review,Add